﻿birthdate,username,emailAddress,Gender
1987-01-15,hmoore,laura00@hayes.net,F
1987-12-13,deborahperez,nmatthews@rios.net,M
1957-07-01,robert96,aaron07@fernandez.info,F
1959-03-10,leegabriela,jamesvalencia@wright-parks.com,F
1996-04-07,leeemily,rlynn@thomas-garcia.info,F
1977-01-10,davisstephen,dunnkaren@larson-walker.biz,F
1973-11-22,xsanchez,maureenyoung@garrett.com,F
1965-07-23,jasonreynolds,wayne91@miller-ruiz.biz,F
1983-09-12,lisa06,richardmayer@wilson.com,F
1974-01-31,poliver,rrosario@phillips-glover.org,F
